{"parent":"minecraft:item/generated","textures":{"layer0":"minecraft:item/beetroot_seeds"},"overrides":[{"predicate":{"custom_model_data":2201415},"model":"bump:magical_items/ksf_stuff"},{"predicate":{"custom_model_data":2203036},"model":"gastronomicon:ingredient/gn_oats"},{"predicate":{"custom_model_data":2203037},"model":"gastronomicon:ingredient/gn_soybeans"},{"predicate":{"custom_model_data":2203043},"model":"gastronomicon:ingredient/gn_sorghum_seeds"},{"predicate":{"custom_model_data":2203058},"model":"gastronomicon:ingredient/gn_spinach_seeds"},{"predicate":{"custom_model_data":2203069},"model":"gastronomicon:ingredient/gn_beans"},{"predicate":{"custom_model_data":2203140},"model":"gastronomicon:food/gn_baked_beans"},{"predicate":{"custom_model_data":2300073},"model":"cultivation:products/clt_chickpeas"},{"predicate":{"custom_model_data":2300074},"model":"item/beetroot_seeds"}]}