{"parent":"minecraft:item/generated","textures":{"layer0":"minecraft:item/black_dye"},"overrides":[{"predicate":{"custom_model_data":2200812},"model":"litexpansion:materials/coal_dust"},{"predicate":{"custom_model_data":2200819},"model":"litexpansion:materials/raw_carbon_fibre"},{"predicate":{"custom_model_data":2200820},"model":"litexpansion:materials/raw_carbon_mesh"},{"predicate":{"custom_model_data":2300060},"model":"cultivation:products/clt_vanilla"},{"predicate":{"custom_model_data":2300061},"model":"item/black_dye"}]}