{"parent":"minecraft:block/blast_furnace","overrides":[{"predicate":{"custom_model_data":2200056},"model":"slimefun:slimefun/basic_machines/makeshift_smeltery"},{"predicate":{"custom_model_data":2201291},"model":"fluffymachines:generators/crank_generator"},{"predicate":{"custom_model_data":2201292},"model":"fluffymachines:multiblocks/foundry"},{"predicate":{"custom_model_data":2201312},"model":"fluffymachines:generators/generator_core"},{"predicate":{"custom_model_data":2201313},"model":"fluffymachines:multiblocks/superheated_furnace"},{"predicate":{"custom_model_data":2201314},"model":"item/blast_furnace"}]}