{"parent":"minecraft:item/generated","textures":{"layer0":"minecraft:item/blaze_powder"},"overrides":[{"predicate":{"custom_model_data":2200603},"model":"infinityexpansion:materials/end_essence"},{"predicate":{"custom_model_data":2201039},"model":"exotic_garden:plants/coal_essence"},{"predicate":{"custom_model_data":2201041},"model":"exotic_garden:plants/diamond_essence"},{"predicate":{"custom_model_data":2201043},"model":"exotic_garden:plants/emerald_essence"},{"predicate":{"custom_model_data":2201045},"model":"exotic_garden:plants/ender_essence"},{"predicate":{"custom_model_data":2201047},"model":"exotic_garden:plants/aluminum_essence"},{"predicate":{"custom_model_data":2201048},"model":"exotic_garden:plants/copper_essence"},{"predicate":{"custom_model_data":2201049},"model":"exotic_garden:plants/lead_essence"},{"predicate":{"custom_model_data":2201050},"model":"exotic_garden:plants/silver_essence"},{"predicate":{"custom_model_data":2201051},"model":"exotic_garden:plants/tin_essence"},{"predicate":{"custom_model_data":2201052},"model":"exotic_garden:plants/glowstone_essence"},{"predicate":{"custom_model_data":2201054},"model":"exotic_garden:plants/gold_essence"},{"predicate":{"custom_model_data":2201056},"model":"exotic_garden:plants/iron_essence"},{"predicate":{"custom_model_data":2201058},"model":"exotic_garden:plants/lapis_essence"},{"predicate":{"custom_model_data":2201060},"model":"exotic_garden:plants/obsidian_essence"},{"predicate":{"custom_model_data":2201067},"model":"exotic_garden:plants/quartz_essence"},{"predicate":{"custom_model_data":2201069},"model":"exotic_garden:plants/redstone_essence"},{"predicate":{"custom_model_data":2201071},"model":"exotic_garden:plants/slime_essence"},{"predicate":{"custom_model_data":2201092},"model":"exotic_garden:plants/dirt_essence"},{"predicate":{"custom_model_data":2201094},"model":"exotic_garden:plants/netherite_essence"},{"predicate":{"custom_model_data":2201095},"model":"item/blaze_powder"}]}