{"parent":"minecraft:block/daylight_detector","author":"Pandicka","textures":{"2":"slimefun:slimefun/energy/solar_generator_3","particle":"slimefun:slimefun/energy/solar_generator_3"},"elements":[{"from":[0,0,0],"to":[16,6,16],"faces":{"north":{"uv":[0,7.5,8,11],"texture":"#2"},"east":{"uv":[0,7.5,8,11],"texture":"#2"},"south":{"uv":[0,7.5,8,11],"texture":"#2"},"west":{"uv":[0,7.5,8,11],"texture":"#2"},"up":{"uv":[0,0,8,8],"rotation":90,"texture":"#2"},"down":{"uv":[8,0,16,8],"texture":"#2"}}}],"display":{"thirdperson_righthand":{"rotation":[55,-40,0],"translation":[0,3,0.5],"scale":[0.3,0.3,0.3]},"thirdperson_lefthand":{"rotation":[55,-40,0],"translation":[0,3,0.5],"scale":[0.3,0.3,0.3]},"firstperson_righthand":{"rotation":[2.35,-45,3],"translation":[2,2.8,-4],"scale":[0.6,0.6,0.6]},"firstperson_lefthand":{"rotation":[2.35,-45,3],"translation":[2,2.8,-4],"scale":[0.6,0.6,0.6]},"ground":{"translation":[0,1,0],"scale":[0.3,0.3,0.3]},"gui":{"rotation":[32.25,45,0],"translation":[0,0.5,0],"scale":[0.65,0.65,0.65]},"head":{"translation":[0,11.25,0],"scale":[0.6,0.6,0.6]},"fixed":{"translation":[0,1,0],"scale":[0.5,0.5,0.5]}}}